Place ID,Place Code,Governorate,District,Location Name,Arabic Name,Latitude,Longitude,OCHA Admin 1,OCHA Admin 2,OCHA PCode,IDPs Families,IDPs Individuals,Anbar,Babylon,Baghdad,Basrah,Dahuk,Diyala,Erbil,Kerbala,Kirkuk,Missan,Muthanna,Najaf,Ninewa,Qadissiya,Salah al-Din,Sulaymaniyah,Thi-Qar,Wassit,Camp,Rented houses,Host Families,School Building,Religious Building,Unfinished/Abandoned building,Informal settlements,Hotel/Motel,Other shelter type,Unknown shelter type,Pre-June14 Wave,June-July14 Wave,August14 Wave,Post September14 Wave,Post April15 Wave
24526,205983,Basrah,Abu Al-Khaseeb, Mhjeran,?????? ??????,30.4618,47.9336,IQ-G02,IQ-D009,,14,84,7,,,,,,,,2,,,,3,,2,,,,,7,7,,,,,,,,,8,2,4,
24228,205962,Basrah,Abu Al-Khaseeb,Abo Jawzy,?????? / ??? ?????? /??? ?????? ,30.4629,47.9078,IQ-G02,IQ-D009,IQ-P00559,5,30,1,,,,,,,,4,,,,,,,,,,,5,,,,,,,,,,4,,1,
792,205219,Basrah,Abu Al-Khaseeb,Abu flos,?????? /??? ?????? /??? ???? ,30.441111,48.011667,IQ-G02,IQ-D009,IQ-P00562,2,12,2,,,,,,,,,,,,,,,,,,,1,1,,,,,,,,2,,,,
25540,206047,Basrah,Abu Al-Khaseeb,Abu Kusra,??? ?????,30.4551,47.9644,IQ-G02,IQ-D009,,3,18,1,,1,,,,,,,,,,,,1,,,,,2,1,,,,,,,,,1,1,1,
601,205028,Basrah,Abu Al-Khaseeb,Abu magheera,??? ?????,30.462778,47.960833,IQ-G02,IQ-D009,IQ-P00564,6,36,2,,,,,,,,,,,,,,4,,,,,1,5,,,,,,,,1,4,,1,
21638,205862,Basrah,Abu Al-Khaseeb,Al Ma'areef,?????? /??? ?????? /??????? ,30.453611,47.890278,IQ-G02,IQ-D009,IQ-P00576,4,24,1,,,,,,,,,,,,3,,,,,,,3,1,,,,,,,,,,,4,
23896,205944,Basrah,Abu Al-Khaseeb,Al-Abdaliyan,?????? /??? ?????? /????????? ,30.4803,47.8686,IQ-G02,IQ-D009,IQ-P00581,2,12,2,,,,,,,,,,,,,,,,,,,2,,,,,,,,,2,,,,
23895,205943,Basrah,Abu Al-Khaseeb,Al-Awjah,?????? /??? ?????? /??????,30.433516,47.964851,IQ-G02,IQ-D009,IQ-P00585,23,138,11,,,,,,,,,,,,3,,9,,,,,13,10,,,,,,,,3,7,12,1,
587,205014,Basrah,Abu Al-Khaseeb,Al-bahadria,????????? ,30.458333,47.908333,IQ-G02,IQ-D009,IQ-P00586,3,18,,,,,,,,,,,,,2,,1,,,,,2,1,,,,,,,,,2,,1,
780,205207,Basrah,Abu Al-Khaseeb,Al-Dhaheeria,??????,30.4419,47.9708,IQ-G02,IQ-D009,IQ-P00593,5,30,5,,,,,,,,,,,,,,,,,,,4,1,,,,,,,,,4,,1,
607,205034,Basrah,Abu Al-Khaseeb,Al-Sankar,??????,30.4597,47.9132,IQ-G02,IQ-D009,IQ-P00614,2,12,,,,,,,,,,,,,2,,,,,,,,2,,,,,,,,,,1,1,
1307,205826,Basrah,Abu Al-Khaseeb,Al-Sibiliat,??????????,30.4632,47.9414,IQ-G02,IQ-D009,IQ-P00619,8,48,7,,,,,1,,,,,,,,,,,,,,1,7,,,,,,,,,1,,7,
841,205269,Basrah,Abu Al-Khaseeb,Awaisian,???????,30.487222,47.8575,IQ-G02,IQ-D009,IQ-P00624,13,78,9,,,,,2,,,1,,,,1,,,,,,,4,9,,,,,,,,1,6,,4,2
809,205236,Basrah,Abu Al-Khaseeb,Bab al-dabagh,??? ????,30.449167,47.994167,IQ-G02,IQ-D009,IQ-P00629,5,30,1,,,,,,,,2,,,,1,,1,,,,,,5,,,,,,,,,2,3,,
512,204939,Basrah,Abu Al-Khaseeb,Bab midan,??? ????? ,30.46,47.99,IQ-G02,IQ-D009,IQ-P00632,7,42,,,,,,,,,,,,,3,,4,,,,,5,2,,,,,,,,,,3,4,
811,205238,Basrah,Abu Al-Khaseeb,Bab sulaiman,??? ??????,30.451389,47.996667,IQ-G02,IQ-D009,IQ-P00634,7,42,2,,,,,,,,,,,,,,5,,,,,2,5,,,,,,,,,1,,5,1
797,205224,Basrah,Abu Al-Khaseeb,Bab taweel,??????/ ??? ?????? /??? ???? ,30.443611,47.99,IQ-G02,IQ-D009,IQ-P00635,6,36,,,,,,,,,,,,,,,6,,,,,,6,,,,,,,,,1,,5,
20783,205833,Basrah,Abu Al-Khaseeb,Balad Sultan,??? ?????? / ??? ?????,30.4535,47.9899,IQ-G02,IQ-D009,,4,24,1,,,,,2,,,,,,,,,1,,,,,1,3,,,,,,,,,4,,,
592,205019,Basrah,Abu Al-Khaseeb,Darb Al-lebany,?????? / ??? ?????? / ??? ???????,30.460278,47.988889,IQ-G02,IQ-D009,IQ-P00606,4,24,,,,,,,,,,,,,4,,,,,,,4,,,,,,,,,,2,2,,
24480,205980,Basrah,Abu Al-Khaseeb,Door Alasmeadh,?????? / ??? ?????? /??? ???????,30.4483,48.0254,IQ-G02,IQ-D009,,7,42,,,,,,,,,,,,,6,,1,,,,,7,,,,,,,,,,3,4,,
381,200172,Basrah,Abu Al-Khaseeb,Hamdan,?????? / ??? ?????? /????,30.44,47.9,IQ-G02,IQ-D009,IQ-P00655,67,402,17,,,,,,,,,,,,27,,23,,,,,36,31,,,,,,,,,33,12,22,
505,204932,Basrah,Abu Al-Khaseeb,Hay Al Askarye,???? ??????? ,30.43805556,47.94111111,IQ-G02,IQ-D009,IQ-P00658,11,66,5,,,,,,,,2,,,,2,,2,,,,,4,7,,,,,,,,,7,,2,2
24158,205956,Basrah,Abu Al-Khaseeb,Kut Al Solhy,??? ?????? / ??? ??????,30.4502,47.9038,IQ-G02,IQ-D009,IQ-P00681,5,30,,,,,,,,,,,,,2,,3,,,,,,5,,,,,,,,,5,,,
813,205240,Basrah,Abu Al-Khaseeb,Kut thewainy,??? ?????,30.451944,47.883611,IQ-G02,IQ-D009,IQ-P00691,4,24,,,,,,,,,,,,,2,,2,,,,,2,2,,,,,,,,,2,2,,
583,205010,Basrah,Abu Al-Khaseeb,Mehila,?????,30.4608,47.9263,IQ-G02,IQ-D009,IQ-P00694,5,30,2,,,,,,,,3,,,,,,,,,,,2,3,,,,,,,,,,3,1,1
599,205026,Basrah,Abu Al-Khaseeb,Nahir khuz,??? ???,30.461944,47.969167,IQ-G02,IQ-D009,IQ-P00699,6,36,1,,,,,,,,,,,,,,5,,,,,,6,,,,,,,,,1,,5,
20943,205835,Basrah,Abu Al-Khaseeb,Shaikh Ibraheem,??? ???????,30.44805556,47.97444444,IQ-G02,IQ-D009,IQ-P00711,7,42,,,,,,,,,,,,,5,,2,,,,,2,5,,,,,,,,,5,2,,
622,205049,Basrah,Abu Al-Khaseeb,Yousifan,?????? / ??? ?????? / ?????? ,30.473611,47.899722,IQ-G02,IQ-D009,IQ-P00726,7,42,2,,,,,,,,,,,,,,5,,,,,,7,,,,,,,,,2,,5,
1168,205603,Basrah,Al-Midaina,Abo Shaoui,??? ????,30.9489,47.2599,IQ-G02,IQ-D012,IQ-P01208,29,174,,,1,,,,,,,,,,18,,10,,,,,28,1,,,,,,,,,3,15,11,
24921,206008,Basrah,Al-Midaina,Al Khas,?????,30.9739,47.3253,IQ-G02,IQ-D012,,1,6,,,,,,,,,,,,,,,1,,,,,,1,,,,,,,,,1,,,
1202,205637,Basrah,Al-Midaina,Al-a_wijah,???????,30.9739,47.3253,IQ-G02,IQ-D012,IQ-P01201,4,24,1,,,,,,,,,,,,3,,,,,,,,4,,,,,,,,,,3,,1
1120,205554,Basrah,Al-Midaina,Al-rahmaniyah,????????? ,30.924722,47.296944,IQ-G02,IQ-D012,IQ-P01259,5,30,2,,,,,,,,,,,,3,,,,,,,,5,,,,,,,,,5,,,
354,200145,Basrah,Al-Midaina,Badran,?????? /??????? /???????,30.9347,47.2591,IQ-G02,IQ-D012,IQ-P01289,9,54,,,,,,,,,,,,,5,,4,,,,,1,,,,,,,,8,,8,1,,
1017,205450,Basrah,Al-Midaina,Bahela, ?????,30.9256,47.2954,IQ-G02,IQ-D012,IQ-P01291,2,12,,,,,,,,,,,,,,,2,,,,,,2,,,,,,,,,,2,,
24528,205985,Basrah,Al-Midaina,Eaz Al Din Selem  Al Huwair,??????? / ?? ????? ???? / ??????,30.9939,47.3659,IQ-G02,IQ-D012,,15,90,,,,,,,,,,,,,8,,7,,,,,12,3,,,,,,,,,11,3,1,
1210,205645,Basrah,Al-Midaina,Shalhat al-hajaj,???? ??????,30.985833,47.347222,IQ-G02,IQ-D012,IQ-P01326,8,48,,,,,,,,,,,,,8,,,,,,,,8,,,,,,,,,8,,,
491,200283,Basrah,Al-Midaina,Shuwayj,?? ??????,31,47.26,IQ-G02,IQ-D012,IQ-P01331,1,6,,,,,,,,,,,,,,,1,,,,,,1,,,,,,,,,1,,,
25014,206020,Basrah,Al-Qurna,Al Dair-Al Zahra,????? /?? ???????,30.7987,47.5775,IQ-G02,IQ-D013,,5,30,,,,,,,,,,,,,5,,,,,,,,5,,,,,,,,,5,,,
25012,206018,Basrah,Al-Qurna,Al Jelaa,??????/??????/??????,30.977,47.4524,IQ-G02,IQ-D013,,6,36,1,,,,,,,,,,,,,,5,,,,,,,,,,,,6,,,1,5,,
24625,205994,Basrah,Al-Qurna,Al Sharsh Al Hamdawy,?????? / ????? / ????????,30.9933,47.4277,IQ-G02,IQ-D013,,10,60,,,,,,,,,,,,,10,,,,,,,,10,,,,,,,,,,10,,
24227,205961,Basrah,Al-Qurna,Al Thagar,?????? / ????? ,31.1462,47.4332,IQ-G02,IQ-D013,IQ-P01366,1,6,,,,,,,,,,,,,1,,,,,,,,1,,,,,,,,,1,,,
1249,205684,Basrah,Al-Qurna,Al Thagar - Abo Aran, ????? / ??? ????,31.0995,47.42656,IQ-G02,IQ-D013,IQ-P01344,1,6,,,,,,,,,,,,,1,,,,,,,,1,,,,,,,,,,,1,
1251,205686,Basrah,Al-Qurna,Al Thagar - Al-Nekhelat,?????- ????????,31.1206,47.4287,IQ-G02,IQ-D013,IQ-P01392,5,30,,5,,,,,,,,,,,,,,,,,,,,,,,5,,,,,,5,,
25013,206019,Basrah,Al-Qurna,Al-Dair Al Imam Al Abas,?????/?? ?????? ??????,30.8007,47.5814,IQ-G02,IQ-D013,,2,12,,,,,,,,,,,,,2,,,,,,,,2,,,,,,,,,2,,,
1239,205674,Basrah,Al-Qurna,Al-mezearah,??????/???????? ,30.89,47.52,IQ-G02,IQ-D013,IQ-P01383,4,24,,,,,,,,,4,,,,,,,,,,,1,3,,,,,,,,,4,,,
1241,205676,Basrah,Al-Qurna,Al-nehairat,????????,31.028056,47.433611,IQ-G02,IQ-D013,IQ-P01384,1,6,,,,,,,,,,,,,1,,,,,,,1,,,,,,,,,,,,1,
1236,205671,Basrah,Al-Qurna,Al-nesaer,??????,31.011111,47.425,IQ-G02,IQ-D013,IQ-P01385,3,18,3,,,,,,,,,,,,,,,,,,,1,2,,,,,,,,,,,3,
1110,205544,Basrah,Al-Qurna,Al-shannanh,???????,30.8463,47.5423,IQ-G02,IQ-D013,IQ-P01389,5,30,,,,,,,,,2,,,,3,,,,,,,,5,,,,,,,,,1,4,,
1292,205811,Basrah,Al-Qurna,Al-Souq,?????,31.01388889,47.43472222,IQ-G02,IQ-D013,IQ-P01355,1,6,1,,,,,,,,,,,,,,,,,,,,1,,,,,,,,,,,,1
23518,205938,Basrah,Al-Qurna,Hay Al Hakeem,?? ?????? ,30.79,47.57,IQ-G02,IQ-D013,IQ-P01415,12,72,,,,,,,,,,,,,12,,,,,,,3,8,,,,,,1,,,,7,5,
23520,205939,Basrah,Al-Qurna,Hay Al Imam Al Sadiq,????? / ?? ?????? ??????,30.8066,47.571,IQ-G02,IQ-D013,IQ-P01416,7,42,,,,,,,,,,,,,7,,,,,,,3,4,,,,,,,,,4,3,,
1240,205675,Basrah,Al-Qurna,Hay al-juma_a,?????? / ?????? /?? ???? ,31.023333,47.428889,IQ-G02,IQ-D013,IQ-P01418,11,66,2,,,,,,,,,,,,7,,2,,,,,7,3,,,,,,1,,,6,,5,
25224,206028,Basrah,Al-Qurna,Hay Al-Rabeaa,?? ??????,30.7942,47.5782,IQ-G02,IQ-D013,,5,30,,,,,,,,,,,,,5,,,,,,,1,4,,,,,,,,,,4,1,
25541,206048,Basrah,Al-Qurna,Hey Al Sumod,?? ??????,30.7551,47.6571,IQ-G02,IQ-D013,,5,30,3,,,,,,,,,,,,2,,,,,,,,5,,,,,,,,,,,5,
24279,205967,Basrah,Al-Zubair,Al Dawajin,?????? / ??????? ,30.3549,47.7345,IQ-G02,IQ-D015,IQ-P23945,1,6,,,,,,,,,,,,,,,1,,,,,,1,,,,,,,,,1,,,
367,200158,Basrah,Al-Zubair,Al Dirhamiyah 1,?????? / ?????? / ???????? 1,30.3633,47.7165,IQ-G02,IQ-D015,IQ-P01588,3,18,2,,,,,,,,,,,,1,,,,,,,3,,,,,,,,,,,,3,
24924,206011,Basrah,Al-Zubair,Al Mushroaa,???????,30.0358,47.9277,IQ-G02,IQ-D015,,1,6,,,,,,,,,1,,,,,,,,,,,1,,,,,,,,,,,,1,
24677,206002,Basrah,Al-Zubair,Al Petro,?????? / ???????,30.3262,47.7215,IQ-G02,IQ-D015,,3,18,,,,,,,,,,,,,1,,2,,,,,1,2,,,,,,,,,2,1,,
509,204936,Basrah,Al-Zubair,Al -Shemal Area,?????? /?????? /???? ?????? ,30.4043,47.713,IQ-G02,IQ-D015,IQ-P01559,44,264,8,1,,,,,,,,,,,1,,34,,,,,39,2,,,,,,3,,1,13,,25,5
752,205179,Basrah,Al-Zubair,Al-dhweihrat,?????????,30.380833,47.693333,IQ-G02,IQ-D015,IQ-P01564,2,12,1,,,,,,,,,,,,,,1,,,,,,2,,,,,,,,1,,1,,
1281,205800,Basrah,Al-Zubair,Al-Dur Al-Jahiza,?????? /?????? / ??? ???????,30.385,47.7158,IQ-G02,IQ-D015,IQ-P01565,9,54,2,,,,,,,,,,,,,,7,,,,,7,2,,,,,,,,,7,,2,
767,205194,Basrah,Al-Zubair,Al-jamhoriyah al-'olah,?????? /?????? /????????? 1,30.395,47.708333,IQ-G02,IQ-D015,IQ-P01566,18,108,9,,,,,,,,1,,,,,,8,,,,,10,8,,,,,,,,4,3,3,5,3
760,205187,Basrah,Al-Zubair,Al-jamhoriyah al-thaniyah,????????? 2,30.385833,47.714722,IQ-G02,IQ-D015,IQ-P01567,14,84,6,,,,,,,,1,,,,1,,6,,,,,9,5,,,,,,,,,4,5,4,1
757,205184,Basrah,Al-Zubair,Al-marbed al-kadeem,?????? ?????? ,30.383056,47.688056,IQ-G02,IQ-D015,IQ-P01570,5,30,4,,,,,,,,,,,,1,,,,,,,4,1,,,,,,,,,,,5,
779,205206,Basrah,Al-Zubair,Al-Rasheidiyah Alolh,?????? /?????? /???????? 1,30.3958,47.7022,IQ-G02,IQ-D015,IQ-P01576,10,60,7,,,,,1,,,,,,,2,,,,,,,4,6,,,,,,,,,1,,2,7
764,205191,Basrah,Al-Zubair,Al-rasheidiyah al-thaniyah,?????? /?????? /???????? 2,30.391667,47.700833,IQ-G02,IQ-D015,IQ-P01575,8,48,1,,,,,1,,,1,,,,1,,4,,,,,5,3,,,,,,,,,4,3,1,
25463,206045,Basrah,Al-Zubair,Al-Shuaiba Hay Al-Murtadh,??????? ?? ???????,30.4275,47.6797,IQ-G02,IQ-D015,,14,84,,,,,,,,,,,,,13,,1,,,,,12,2,,,,,,,,,7,5,2,
1312,205831,Basrah,Al-Zubair,Al-Zubair Hay AlAthar,?????? /?????? / ?? ??????,30.3975,47.715,IQ-G02,IQ-D015,IQ-P01616,7,42,3,,,,,1,,,,,,,1,,2,,,,,6,,,,,1,,,,,4,,,3
652,205079,Basrah,Al-Zubair,Door al hindiyah ash shemaliyah,??? ??????? ???????? ,30.038611,47.908333,IQ-G02,IQ-D015,IQ-P01593,2,12,,,,,,,,,,,,,1,,1,,,,,2,,,,,,,,,,1,,1,
651,205078,Basrah,Al-Zubair,Door al-farook,?? ??????? ,30.038333,47.915833,IQ-G02,IQ-D015,IQ-P01602,6,36,5,,,,,,,,,,,,,,1,,,,,6,,,,,,,,,,5,,1,
25722,206052,Basrah,Al-Zubair,Durr Al Naaft,??? ?????,30.4424,47.6711,IQ-G02,IQ-D015,,3,18,,,,,,,,,,,,,3,,,,,,,,1,,,,,,2,,,,2,1,
22858,205913,Basrah,Al-Zubair,Hay Al Dirhamiyah 3,?????? / ?????? / ???????? 3,30.3791,47.723,IQ-G02,IQ-D015,IQ-P01617,1,6,,,,,,,,,,,,,1,,,,,,,,1,,,,,,,,,1,,,
1311,205830,Basrah,Al-Zubair,Hay Al Sajad,?? ??????,30.3827,47.3827,IQ-G02,IQ-D015,IQ-P01624,5,30,4,,,,,1,,,,,,,,,,,,,,1,4,,,,,,,,,,,5,
25225,206029,Basrah,Al-Zubair,Hay Alansar 1,?????? /?????? /?? ??????? 1,30.3583,47.7233,IQ-G02,IQ-D015,,2,12,,,,,,,,,2,,,,,,,,,,,1,1,,,,,,,,,1,,,1
25226,206030,Basrah,Al-Zubair,Hay Alansar 2,?????? /?????? /?? ???????2,30.3749,47.7234,IQ-G02,IQ-D015,,4,24,4,,,,,,,,,,,,,,,,,,,4,,,,,,,,,,4,,,
25227,206031,Basrah,Al-Zubair,Hay Alansar 3,?????? /?????? /?? ???????3,30.3588,47.719,IQ-G02,IQ-D015,,1,6,1,,,,,,,,,,,,,,,,,,,,1,,,,,,,,,,,1,
759,205186,Basrah,Al-Zubair,Hay al-baladiyat,?? ????????,30.384167,47.7175,IQ-G02,IQ-D015,IQ-P01633,1,6,,,,,,1,,,,,,,,,,,,,,1,,,,,,,,,,,,1,
24229,205963,Basrah,Al-Zubair,Hay Al-hakim 2,?????? /?????? /?? ?????? /2,30.3792,47.7052,IQ-G02,IQ-D015,IQ-P01636,2,12,,,1,,,,,,1,,,,,,,,,,,,2,,,,,,,,,2,,,
755,205182,Basrah,Al-Zubair,Hay al-mu'almein,?? ????????,30.381667,47.713333,IQ-G02,IQ-D015,IQ-P01641,2,12,2,,,,,,,,,,,,,,,,,,,2,,,,,,,,,,,2,,
25620,206050,Basrah,Al-Zubair,Hay Al-Sajad - 1168,?? ??????,30.3827,47.3827,IQ-G02,IQ-D015,,1,6,,,,,,,,,1,,,,,,,,,,,,1,,,,,,,,,,1,,
657,205084,Basrah,Al-Zubair,Hay door al-sena'ah,??? ??????? ,30.045833,47.911667,IQ-G02,IQ-D015,IQ-P01648,7,42,2,,,,,,,,,,,,3,,2,,,,,5,2,,,,,,,,,5,,1,1
24661,205997,Basrah,Al-Zubair,khor Al Zubair-Hay Al Baqer,??? ?????? / ?? ??????,30.243,47.7696,IQ-G02,IQ-D015,,13,78,9,,,,,,,,,,,,3,,1,,,,,9,4,,,,,,,,,4,,,9
1286,205805,Basrah,Al-Zubair,Khor Al zubir,??? ??????,30.225,47.77,IQ-G02,IQ-D015,IQ-P01654,36,216,8,1,1,,,,,,2,,,,,,24,,,,,31,5,,,,,,,,,12,1,23,
23976,205949,Basrah,Al-Zubair,Mahalat Al-Arab,?????? /?????? / ???? ?????,30.3951,47.6834,IQ-G02,IQ-D015,IQ-P01657,29,174,15,,,,,,,,5,,,,6,,3,,,,,27,2,,,,,,,,,7,5,6,11
25015,206021,Basrah,Al-Zubair,Safwan - Hay Al Tahreer,?????/?? ???????,30.113,47.7155,IQ-G02,IQ-D015,,2,12,,,,,,,,,,,,,,,2,,,,,,2,,,,,,,,,,2,,
25017,206023,Basrah,Al-Zubair,Safwan-Hay Al Imam Al Sadiq,????? /?? ?????? ??????,30.1291,47.7169,IQ-G02,IQ-D015,,2,12,2,,,,,,,,,,,,,,,,,,,,,,,,,,2,,,,,2,
25018,206024,Basrah,Al-Zubair,Safwan-Hay Al Risala,????? /?? ???????,30.115,47.7212,IQ-G02,IQ-D015,,5,30,,,,,,,,,,,,,5,,,,,,,5,,,,,,,,,,,5,,
24925,206012,Basrah,Al-Zubair,Umm Qasr - Street 10,?? ???? - ???? 10,30.0375,47.9191,IQ-G02,IQ-D015,,1,6,,,,,,,,,,,,,1,,,,,,,1,,,,,,,,,,1,,,
24923,206010,Basrah,Al-Zubair,Umm Qasr - Street 11,?? ???? - ???? 11,30.0372,47.9194,IQ-G02,IQ-D015,,1,6,,,,,,1,,,,,,,,,,,,,,1,,,,,,,,,,1,,,
24927,206014,Basrah,Al-Zubair,Umm Qasr - Street 15,?? ???? - ???? 15,30.0347,47.9227,IQ-G02,IQ-D015,,1,6,,,,,,,,,,,,,,,1,,,,,,1,,,,,,,,,,,1,
24926,206013,Basrah,Al-Zubair,Umm Qasr - Street 4,?? ???? - ???? 4,30.0391,47.9155,IQ-G02,IQ-D015,,1,6,,,,,,,,,,,,,1,,,,,,,,1,,,,,,,,,1,,,
24922,206009,Basrah,Al-Zubair,Umm Qasr - Street 6,?? ???? - ???? 6,30.0383,47.9166,IQ-G02,IQ-D015,,2,12,2,,,,,,,,,,,,,,,,,,,1,1,,,,,,,,,2,,,
25462,206044,Basrah,Al-Zubair,Village Al-Nakheel Al-Asria,???? ?????? ???????,30.355556,47.716389,IQ-G02,IQ-D015,,6,36,,,,,,,,,,,,,,,6,,,,,5,,,,,,,1,,,2,,4,
974,205406,Basrah,Basrah,5 Miles - AlHadi Al Ula,5??? ?????? ??????,30.5432,47.7663,IQ-G02,IQ-D010,IQ-P00807,1,6,,,,,,,,,1,,,,,,,,,,,1,,,,,,,,,,,1,,
24799,206007,Basrah,Basrah,5 Miles (Al Hady Al Thaniyah),5??? ?????? ???????,30.5474,47.7603,IQ-G02,IQ-D010,,8,48,1,,1,,,,,,1,,,,1,,4,,,,,3,4,,,,,,,1,,3,4,1,
24929,206016,Basrah,Basrah,5 Miles Al Bidhan,5??? ???????,30.54244,47.76788,IQ-G02,IQ-D010,,4,24,,,,,,,,,,,,,,,4,,,,,4,,,,,,,,,,4,,,
24928,206015,Basrah,Basrah,5 Miles Hay Al Muthalth, 5 ??? ?? ??????,30.5431,47.7555,IQ-G02,IQ-D010,,3,18,,,,,,2,,,1,,,,,,,,,,,3,,,,,,,,,,,,3,
21192,205844,Basrah,Basrah,Abu Hilwa,??????? / ??? ????,30.57888889,47.74638889,IQ-G02,IQ-D010,IQ-P00733,6,36,,,,,,,,,,,,,5,,1,,,,,,6,,,,,,,,,6,,,
24715,206003,Basrah,Basrah,Al - Shamshomieh,?????? / ?????????,30.5236,47.8095,IQ-G02,IQ-D010,,1,6,,,,,,,,,,,,,,,1,,,,,,1,,,,,,,,,,1,,
475,200267,Basrah,Basrah,Al `Ashar,?????? /??????/ ???????? ,30.51,47.83,IQ-G02,IQ-D010,IQ-P00740,4,24,4,,,,,,,,,,,,,,,,,,,4,,,,,,,,,,,,,4
24179,205957,Basrah,Basrah,Al A'blah,?????? / ?????? /??????,30.5478,47.7775,IQ-G02,IQ-D010,IQ-P00742,7,42,3,,1,,,1,,,2,,,,,,,,,,,1,6,,,,,,,,,3,2,2,
1269,205788,Basrah,Basrah,Al Amn Al Dakhly,??????/????? ??????? ,30.4694,47.775,IQ-G02,IQ-D010,IQ-P00743,12,72,1,,1,,,2,,,3,,,,5,,,,,,,6,6,,,,,,,,,10,2,,
968,205400,Basrah,Basrah,Al Andolous, ???????,30.5464,47.798,IQ-G02,IQ-D010,IQ-P00745,3,18,,,,,,,,,,,,,3,,,,,,,,3,,,,,,,,,,3,,
24346,205973,Basrah,Basrah,Al Ashar Center,???? ??????,30.5176,47.8335,IQ-G02,IQ-D010,,85,510,,,7,,,13,,,3,,,,48,,14,,,,,,,,,,,85,,,,27,34,24,
24798,206006,Basrah,Basrah,Al Assry Camp (5 Miles Markets), ?????? ?????? (??? 5???),30.538814,47.764197,IQ-G02,IQ-D010,,166,996,15,,,,,,,,,,,,9,,142,,,,166,,,,,,,,,,,10,6,142,8
334,200125,Basrah,Basrah,Al Harthah,?????? /???? ??????? ,30.58,47.76,IQ-G02,IQ-D010,IQ-P00754,4,24,2,,,,,,,,1,,,,,,1,,,,,1,3,,,,,,,,1,,2,1,
25228,206032,Basrah,Basrah,Al Harthah / Allatief -1,??????? / ?????? -1,30.5796,47.7482,IQ-G02,IQ-D010,,4,24,,2,,,,,,,,,,,1,,1,,,,,3,1,,,,,,,,,2,,2,
25229,206033,Basrah,Basrah,Al Harthah / Allatief -2,??????? / ?????? -2,30.5789,47.7468,IQ-G02,IQ-D010,,1,6,,,,,,,,,,,,,,,1,,,,,1,,,,,,,,,,1,,,
24675,206000,Basrah,Basrah,Al Harthah Hai Al Intesar,??????? / ?? ????????,30.6119,47.7518,IQ-G02,IQ-D010,,2,12,,,,,,,,,,,,,2,,,,,,,,2,,,,,,,,,,,2,
24278,205966,Basrah,Basrah,Al- Jamhoriyah,?????? / ????????? ,30.5251,47.7947,IQ-G02,IQ-D010,IQ-P23943,4,24,,,,,,,,,,,,,2,,2,,,,,,4,,,,,,,,,4,,,
1294,205813,Basrah,Basrah,Al Jaza'ir,?????? / ??????? ,30.50361111,47.83277778,IQ-G02,IQ-D010,IQ-P00759,2,12,,,,,,,,,,,,,2,,,,,,,,1,,,,,,1,,,,1,1,
1032,205465,Basrah,Basrah,Al Jazira - 2,?????? /?? ????? /??????? 2,30.585972,47.752489,IQ-G02,IQ-D010,IQ-P00767,2,12,2,,,,,,,,,,,,,,,,,,,2,,,,,,,,,,,,,2
927,205356,Basrah,Basrah,Al Jumhuriya,?????? / ????????? ,30.522139,47.797543,IQ-G02,IQ-D010,IQ-P00763,26,156,8,,,,,5,,,13,,,,,,,,,,,18,8,,,,,,,,3,15,5,3,
24344,205971,Basrah,Basrah,Al Kaim 1, ?????? 1,30.4718,47.8125,IQ-G02,IQ-D010,,14,84,10,,,,,2,,,1,,,,1,,,,,,,9,5,,,,,,,,,5,1,1,7
511,204938,Basrah,Basrah,Al Khaleej4,?????? /???????? /?? ?????? 4,30.49,47.78,IQ-G02,IQ-D010,IQ-P00765,5,30,5,,,,,,,,,,,,,,,,,,,,5,,,,,,,,2,3,,,
989,205421,Basrah,Basrah,Al Maqil- Al-kindi,?????? / ?????? / ??????,30.550556,47.77,IQ-G02,IQ-D010,IQ-P00826,2,12,,,,,,1,,,,,,,1,,,,,,,2,,,,,,,,,,,1,1,
963,205395,Basrah,Basrah,AL Mowafaqiah,?????? /???????? ,30.543126,47.766062,IQ-G02,IQ-D010,IQ-P00773,30,180,9,,,,,,,,3,,,,12,,6,,,,,20,10,,,,,,,,1,18,2,5,4
24481,205981,Basrah,Basrah,Al Muhallab,??????/ ?? ??????,30.4904,47.8079,IQ-G02,IQ-D010,,1,6,,,,,,,,,,,,,,,1,,,,,,1,,,,,,,,,,1,,
1310,205829,Basrah,Basrah,Al Qabla \\ Hay Al Baladiyat,?????? /?????? /?? ???????? ,30.46444444,47.80416667,IQ-G02,IQ-D010,IQ-P00776,5,30,2,,,,,,,,,,,,2,,1,,,,,3,2,,,,,,,,1,,,4,
24627,205996,Basrah,Basrah,Al Qibla - Al Shahid Al Sadir, ?????? / ?????? ?????,30.478294,47.816734,IQ-G02,IQ-D010,,5,30,,1,,,,4,,,,,,,,,,,,,,4,1,,,,,,,,,3,2,,
21641,205865,Basrah,Basrah,AL Qiziza,???????,30.53916667,47.75305556,IQ-G02,IQ-D010,IQ-P00777,11,66,,,2,,,1,,,5,,,,,,3,,,,,1,6,2,,,,,2,,,2,6,3,
24180,205958,Basrah,Basrah,Al Sholah,??????,30.5233,47.7736,IQ-G02,IQ-D010,IQ-P00779,10,60,1,,1,,,1,,,1,,,,5,,1,,,,,4,6,,,,,,,,,3,2,5,
1296,205815,Basrah,Basrah,Al Tameemiya,?????? / ????????,30.52694444,47.82916667,IQ-G02,IQ-D010,IQ-P00781,3,18,,,,,,,,,,,,,3,,,,,,,2,1,,,,,,,,,3,,,
24281,205969,Basrah,Basrah,Al Tuba Wa Al Nakhilah,?????? / ???? ??? / ?????? ????????,30.5526,47.7387,IQ-G02,IQ-D010,IQ-P23944,4,24,,,,,,1,,,,,,,,,3,,,,,,4,,,,,,,,,4,,,
920,205349,Basrah,Basrah,Al Tuwaysa,?????? /???????,30.51756,47.818848,IQ-G02,IQ-D010,IQ-P00783,8,48,2,,1,,,,,,,,,,5,,,,,,,7,1,,,,,,,,,5,,3,
905,205333,Basrah,Basrah,Al-asma_i al-jadeed,??????? ??????,30.511389,47.791944,IQ-G02,IQ-D010,IQ-P00792,21,126,3,,1,,,1,,,2,,,,6,,8,,,,,,19,,,,,,2,,1,16,,4,
1030,205463,Basrah,Basrah,Al-badran,?????? /??????? /???????,30.582222,47.764722,IQ-G02,IQ-D010,IQ-P00794,23,138,1,,,,,,,,,,,,22,,,,,,,,17,,4,,2,,,,1,21,1,,
1308,205827,Basrah,Basrah,Al-Baker & Al-Ahrar,????? ????????,30.50166667,47.81277778,IQ-G02,IQ-D010,IQ-P00795,7,42,,,,,,,,,,,,,5,,2,,,,,4,3,,,,,,,,,3,4,,
872,205300,Basrah,Basrah,Al-bradhia,?????? / ????????? ,30.498889,47.846667,IQ-G02,IQ-D010,IQ-P00798,16,96,2,,,,,,,,2,,,,5,,7,,,,,3,13,,,,,,,,2,7,,7,
998,205431,Basrah,Basrah,Al-hakeem,?????? /?????? / ?? ?????? ,30.556111,47.791389,IQ-G02,IQ-D010,IQ-P00812,7,42,1,1,,,,,,,3,,,,,,2,,,,,6,1,,,,,,,,1,1,5,,
951,205381,Basrah,Basrah,Al-hakemia,?????? / ???????? ,30.534167,47.817222,IQ-G02,IQ-D010,IQ-P00813,6,36,,,,,,,,,1,,,,3,,2,,,,,2,4,,,,,,,,,3,2,1,
1022,205455,Basrah,Basrah,Al-Hartha - Al-Ali,?????,30.573333,47.7593,IQ-G02,IQ-D010,IQ-P00789,5,30,,,,,,,,,,,,,5,,,,,,,,5,,,,,,,,,,5,,
1275,205794,Basrah,Basrah,Al-Jnaina,??????? ,30.5522,47.8,IQ-G02,IQ-D010,IQ-P00815,15,90,,1,1,,,1,,,2,,,,8,,2,,,,,4,11,,,,,,,,,10,4,1,
986,205418,Basrah,Basrah,Al-jubaila_,???????,30.548056,47.81,IQ-G02,IQ-D010,IQ-P00816,6,36,1,,,,,,,,,,,,3,,2,,,,,2,4,,,,,,,,,4,1,1,
862,205290,Basrah,Basrah,Al-khaleeliya/2,???????? 2,30.495833,47.821667,IQ-G02,IQ-D010,IQ-P00820,5,30,,,,,,,,,,,,,4,,1,,,,,4,1,,,,,,,,,2,3,,
847,205275,Basrah,Basrah,Al-meshraq al-qadeem,?????? /??????? ?????? ,30.490833,47.822222,IQ-G02,IQ-D010,IQ-P00835,11,66,3,,,,,,,,,,,,2,,6,,,,,6,5,,,,,,,,,10,,1,
1306,205825,Basrah,Basrah,Al-Mishraq Al-Jadeed,?????? / ???????/??????? ??????,30.48472222,47.81277778,IQ-G02,IQ-D010,IQ-P00837,10,60,3,,,,,,,,,,,,4,,3,,,,,2,8,,,,,,,,,2,3,5,
849,205277,Basrah,Basrah,Al-mutaiha,??????? ,30.491667,47.829444,IQ-G02,IQ-D010,IQ-P00840,19,114,7,,,,,,,,,,,,8,,4,,,,,1,18,,,,,,,,,18,,1,
935,205365,Basrah,Basrah,Al-qeshla,?????? ,30.526111,47.834722,IQ-G02,IQ-D010,IQ-P00842,2,12,2,,,,,,,,,,,,,,,,,,,,2,,,,,,,,,2,,,
24673,205998,Basrah,Basrah,Al-Ricis,???????,30.3497,47.7195,IQ-G02,IQ-D010,,2,12,,,,,,,,,1,,,,,,1,,,,,2,,,,,,,,,,1,1,,
896,205324,Basrah,Basrah,Al-tahseeniya al-qadeema,????????? ???????,30.506944,47.821111,IQ-G02,IQ-D010,IQ-P00852,1,6,1,,,,,,,,,,,,,,,,,,,,1,,,,,,,,,,1,,
926,205355,Basrah,Basrah,Ar-rafedain,?? ????????,30.521389,47.802778,IQ-G02,IQ-D010,IQ-P00857,2,12,,,,,,,,,1,,,,1,,,,,,,,2,,,,,,,,,1,1,,
918,205347,Basrah,Basrah,As-sa_ii,??????,30.516111,47.831667,IQ-G02,IQ-D010,IQ-P00860,2,12,,,,,,1,,,1,,,,,,,,,,,,2,,,,,,,,,2,,,
857,205285,Basrah,Basrah,As-safat - Al Qadima,?????? ??????? / ??????,30.494444,47.817778,IQ-G02,IQ-D010,IQ-P00861,7,42,6,,,,,,,,,,,,,,1,,,,,2,,,,,,,5,,1,5,,1,
880,205308,Basrah,Basrah,As-saimar,??????,30.501389,47.820278,IQ-G02,IQ-D010,IQ-P00862,8,48,,,,,,,,,,,,,3,,5,,,,,5,3,,,,,,,,,5,2,1,
903,205331,Basrah,Basrah,At-tahseeniya al-jadeda,?????? / ????????? /????????? ???????,30.510833,47.825556,IQ-G02,IQ-D010,IQ-P00866,6,36,1,,,,,,,,,,,,4,,1,,,,,5,1,,,,,,,,,1,4,1,
24348,205975,Basrah,Basrah,Bashar ST,???? ????,30.4991,47.8177,IQ-G02,IQ-D010,,1,6,,,,,,,,,,,,,,,1,,,,,,1,,,,,,,,,1,,,
24624,205993,Basrah,Basrah,Basra al qadima - Al Sa'doniyah,?????? ??????? / ?????????,30.58921,47.7524,IQ-G02,IQ-D010,,7,42,1,,2,,,1,,,1,,,,2,,,,,,,3,4,,,,,,,,,4,,3,
907,205335,Basrah,Basrah,Braiha,????? ,30.511667,47.8425,IQ-G02,IQ-D010,IQ-P00876,28,168,2,,,,,,,,,,,,25,,1,,,,,17,11,,,,,,,,,9,19,,
24182,205960,Basrah,Basrah,Casino Lebnan,?????? /?????? ?????,30.5086,47.8101,IQ-G02,IQ-D010,IQ-P00877,40,240,,1,2,,,5,,,,,,,32,,,,,,,35,5,,,,,,,,,34,6,,
1295,205814,Basrah,Basrah,Door Al Dubbat,??? ??????,30.53638889,47.78916667,IQ-G02,IQ-D010,IQ-P00879,15,90,2,,2,,,,,,1,,,,3,,7,,,,,5,10,,,,,,,,,11,1,3,
983,205415,Basrah,Basrah,Door al-hendiya,??? ??????? ,30.546389,47.791111,IQ-G02,IQ-D010,IQ-P00880,3,18,1,,,,,,,,,,,,,,2,,,,,,3,,,,,,,,,3,,,
1284,205803,Basrah,Basrah,Door Al-Sho'oen,??? ??????,30.494166,47.810277,IQ-G02,IQ-D010,IQ-P00881,7,42,7,,,,,,,,,,,,,,,,,,,4,3,,,,,,,,,6,,1,
966,205398,Basrah,Basrah,Door as-sailo_,??? ???????,30.543333,47.8175,IQ-G02,IQ-D010,IQ-P00885,5,30,,,,,,,,,,,,,5,,,,,,,2,3,,,,,,,,,,5,,
1048,205481,Basrah,Basrah,Door at-taqa,??? ?????? ,30.675278,47.751944,IQ-G02,IQ-D010,IQ-P00887,1,6,,,,,,1,,,,,,,,,,,,,,,1,,,,,,,,,1,,,
934,205364,Basrah,Basrah,Durr Al Naaft,?????? / ??? ?????,30.526098,47.790972,IQ-G02,IQ-D010,IQ-P00889,9,54,4,,,,,,,,,,,,4,,1,,,,,7,2,,,,,,,,,8,,1,
987,205419,Basrah,Basrah,Eskan al-mawanie',????? ???????,30.548889,47.783889,IQ-G02,IQ-D010,IQ-P00891,2,12,1,,,,,,,,,,,,,,1,,,,,1,1,,,,,,,,,2,,,
954,205384,Basrah,Basrah,Hai al-bato_l,?? ??????,30.536389,47.781389,IQ-G02,IQ-D010,IQ-P00904,2,12,,,,,,,,,,,,,,,2,,,,,,2,,,,,,,,,2,,,
869,205297,Basrah,Basrah,Hai al-hussain/2,???????? / ?? ?????? 2,30.498056,47.779722,IQ-G02,IQ-D010,IQ-P00906,2,12,1,,,,,,,,1,,,,,,,,,,,2,,,,,,,,,,1,1,,
854,205282,Basrah,Basrah,Hai al-kafa_at,?????? / ?? ????????,30.493333,47.797778,IQ-G02,IQ-D010,IQ-P00909,4,24,,,,,,,,,,,,,3,,1,,,,,,4,,,,,,,,,2,,2,
852,205280,Basrah,Basrah,Hai al-khaleej/3,?????? / ???????? / ?? ??????3,30.492778,47.792778,IQ-G02,IQ-D010,IQ-P00913,4,24,2,,,,,2,,,,,,,,,,,,,,4,,,,,,,,,1,2,,1,
602,205029,Basrah,Basrah,Hai al-mohandesin,?????? / ?? ????????? ,30.463056,47.808889,IQ-G02,IQ-D010,IQ-P00918,68,408,8,,,,,,,,5,,,,49,,6,,,,,43,24,,1,,,,,,7,59,,1,1
874,205302,Basrah,Basrah,Hai al-mu_alemin,?????? ??????? / ?? ???????? ,30.499722,47.810556,IQ-G02,IQ-D010,IQ-P00921,1,6,,,,,,,,,1,,,,,,,,,,,1,,,,,,,,,1,,,,
937,205367,Basrah,Basrah,Hai az-zahra_a,?????? / ?? ???????,30.527778,47.814722,IQ-G02,IQ-D010,IQ-P00928,3,18,,,,,,,,,1,,,,,,2,,,,,2,1,,,,,,,,,3,,,
850,205278,Basrah,Basrah,Hai sana_a,?? ?????,30.491667,47.830556,IQ-G02,IQ-D010,IQ-P00929,1,6,1,,,,,,,,,,,,,,,,,,,,1,,,,,,,,,,,1,
21099,205840,Basrah,Basrah,Hay Al Hussain 4,?????? /???????? /?? ?????? 4,30.48222222,47.78527778,IQ-G02,IQ-D010,IQ-P00938,3,18,,,,,,,,,3,,,,,,,,,,,,3,,,,,,,,,3,,,
23897,205945,Basrah,Basrah,Hay AL Hussainyia,?????? / ?? ???????? ,30.4827,47.8225,IQ-G02,IQ-D010,IQ-P00939,5,30,5,,,,,,,,,,,,,,,,,,,,,,,,5,,,,,5,,,
24126,205953,Basrah,Basrah,Hay Al Jamiah,?????? / ?????? /?? ??????? ,30.4742,47.8023,IQ-G02,IQ-D010,IQ-P00941,12,72,1,1,,,,,,,,,,,4,,6,,,,,6,6,,,,,,,,,8,2,2,
21096,205837,Basrah,Basrah,Hay Al Qai'm 2,?????? /?????? /?????? 2,30.4772,47.8174,IQ-G02,IQ-D010,IQ-P00945,8,48,5,,,,,,,,2,,,,1,,,,,,,5,3,,,,,,,,2,1,2,,3
22095,205895,Basrah,Basrah,Hay Al Rasheed,?????? / ?????? /?? ??????,30.477789,47.817384,IQ-G02,IQ-D010,IQ-P00946,5,30,,,2,,,1,,,1,,,,1,,,,,,,2,3,,,,,,,,,4,1,,
860,205288,Basrah,Basrah,Hay Al Risalah,?????? / ?? ??????? ,30.495418,47.800798,IQ-G02,IQ-D010,IQ-P00947,20,120,,,,,,,,,,,,,14,,6,,,,,6,14,,,,,,,,,18,2,,
24479,205979,Basrah,Basrah,Hay Al Shuhada'a, ?????? /?? ???????,30.4483,47.8121,IQ-G02,IQ-D010,,6,36,,,,,,1,,,4,,,,,,1,,,,,5,1,,,,,,,,,1,5,,
24482,205982,Basrah,Basrah,Hay Al Tamim,???????? /?? ???????,30.4989,47.7742,IQ-G02,IQ-D010,,3,18,,,,,,,,,3,,,,,,,,,,,3,,,,,,,,,,3,,,
24595,205992,Basrah,Basrah,Hay Al Zaiton,?? ???????,30.4756,47.8264,IQ-G02,IQ-D010,,5,30,3,,,,,1,,,,,,,,,1,,,,,1,4,,,,,,,,,2,2,1,
1272,205791,Basrah,Basrah,Hay Al-Asdiqa'a,?? ????????,30.525,47.7777,IQ-G02,IQ-D010,IQ-P00952,15,90,1,,,,,,,,1,,,,13,,,,,,,13,1,,,,1,,,,1,12,2,,
1271,205790,Basrah,Basrah,Hay Al-Husain 3,??????/???????? /?? ?????? 3,30.4936,47.788,IQ-G02,IQ-D010,IQ-P00954,14,84,2,3,,,,,,,7,,,,2,,,,,,,,14,,,,,,,,,4,9,1,
911,205340,Basrah,Basrah,Hay Al-Zohoor,?????? / ??????/?? ??????,30.513056,47.845556,IQ-G02,IQ-D010,IQ-P00965,9,54,,,,,,,,,,,,,8,,1,,,,,,1,,7,,,1,,,,2,7,,
24230,205964,Basrah,Basrah,Ibn Ghazwan,?????? / ????? ??? ????? (??????? ),30.5079,47.7991,IQ-G02,IQ-D010,IQ-P00975,3,18,,,,,,1,,,,,,,1,,1,,,,,1,2,,,,,,,,,3,,,
24571,205989,Basrah,Basrah,Karma Ali - Bani Malik Al Shamaliyah,???? ??? / ??? ???? ????????,30.5701,47.7317,IQ-G02,IQ-D010,,11,66,11,,,,,,,,,,,,,,,,,,,11,,,,,,,,,,11,,,
25621,206051,Basrah,Basrah,Karma Ali - Hay Al-Moaaskr,?? ???????,30.5783,47.705,IQ-G02,IQ-D010,,4,24,,,,,,,,,,,,,4,,,,,,,,4,,,,,,,,,,,4,
393,200184,Basrah,Basrah,Karmat `Ali,???? ???  ,30.56,47.76,IQ-G02,IQ-D010,IQ-P00978,21,126,,,,,,1,,,,,,,18,,2,,,,,9,12,,,,,,,,,19,2,,
893,205321,Basrah,Basrah,Kut al-hejaj,?????? / ??? ?????? ,30.505278,47.803056,IQ-G02,IQ-D010,IQ-P00979,4,24,1,,,,,,,,2,,,,1,,,,,,,,4,,,,,,,,,1,2,1,
21097,205838,Basrah,Basrah,Manawi Lajim Quarter,????? ??? ,30.50027778,47.84305556,IQ-G02,IQ-D010,IQ-P00990,11,66,3,,,,,,,,,,,,2,,6,,,,,,11,,,,,,,,,7,,4,
891,205319,Basrah,Basrah,Manawi pasha,????? ????,30.505,47.850556,IQ-G02,IQ-D010,IQ-P00991,15,90,5,,,,,,,,,,,,9,,1,,,,,,12,,,,3,,,,,11,,4,
25725,206055,Basrah,Basrah,Markaz Al-Basrah - Hey Al khatoa,?? ??????,30.385614,47.720053,IQ-G02,IQ-D010,,14,84,4,,1,,,,,,,,,,,,9,,,,,13,1,,,,,,,,,2,3,9,
23974,205947,Basrah,Basrah,Mosa Kadhim,?????? /?????? / ???? ?????? ,30.4485,47.8012,IQ-G02,IQ-D010,IQ-P00998,1,6,,,,,,,,,,,,,,,1,,,,,,1,,,,,,,,,1,,,
889,205317,Basrah,Basrah,Nadhran,?????? / ?????,30.503889,47.8042,IQ-G02,IQ-D010,IQ-P01002,12,72,,,,,,,,,1,,,,7,,4,,,,,,12,,,,,,,,,10,,1,1
1025,205458,Basrah,Basrah,Najibiah,?????? ,30.574324,47.768614,IQ-G02,IQ-D010,IQ-P01005,6,36,1,,,,,,,,1,,,,2,,2,,,,,2,4,,,,,,,,,3,2,1,
899,205327,Basrah,Basrah,Sabkhat al-arab, ???? ????? ,30.508056,47.805278,IQ-G02,IQ-D010,IQ-P01013,5,30,3,,,,,,,,2,,,,,,,,,,,3,2,,,,,,,,,2,3,,
897,205325,Basrah,Basrah,Shuqaq al-faw,?????? / ??? ?????,30.5075,47.796944,IQ-G02,IQ-D010,IQ-P01020,2,12,,,,,,,,,,,,,2,,,,,,,,2,,,,,,,,,2,,,
23975,205948,Basrah,Basrah,Um Al Nea'jj,?????? / ????? ?? ??????,30.4764,47.8383,IQ-G02,IQ-D010,IQ-P01028,5,30,3,,,,,,,,,,,,1,,1,,,,,2,3,,,,,,,,,3,,2,
25333,206034,Basrah,Fao,Al-Shamaliya - Hay Al Sadir,?? ?????,29.981,48.468,IQ-G02,IQ-D011,,1,6,,,,,,,,,,,,,1,,,,,,,1,,,,,,,,,,,1,,
25338,206039,Basrah,Fao,FAO Al Shamaliya - Hay Al Salam,?? ??????,29.98,48.4625,IQ-G02,IQ-D011,,4,24,,,,,,,,,,,,,,,4,,,,,4,,,,,,,,,,4,,,
25335,206036,Basrah,Fao,FAO Aljanubia - Hay Al Hussain,?? ??????,29.938414,48.408288,IQ-G02,IQ-D011,,2,12,1,,,,,,,,1,,,,,,,,,,,2,,,,,,,,,1,1,,,
25334,206035,Basrah,Fao,FAO Aljanubia - Hay Al Karar,?? ??????,29.9652,48.4738,IQ-G02,IQ-D011,,4,24,4,,,,,,,,,,,,,,,,,,,2,2,,,,,,,,1,2,1,,
25339,206040,Basrah,Fao,FAO Aljanubia - Hay Al Sadiq,?? ??????,29.9675,48.4816,IQ-G02,IQ-D011,,1,6,,,,,,,,,,,,,1,,,,,,,1,,,,,,,,,,,1,,
25337,206038,Basrah,Fao,FAO Aljanubia - Hay Al Zahra,?? ???????,29.9697,48.4744,IQ-G02,IQ-D011,,2,12,,,,,,,,,,,,,1,,1,,,,,1,1,,,,,,,,,1,,1,
25336,206037,Basrah,Fao,FAO AlShamaliya - Hay Al Rasol,?? ??????,29.978,48.4694,IQ-G02,IQ-D011,,1,6,1,,,,,,,,,,,,,,,,,,,1,,,,,,,,,,1,,,
25340,206041,Basrah,Fao,FAO Al-Shamaliya - Hay Al-Madaina,?? ???????,29.9775,48.4719,IQ-G02,IQ-D011,,5,30,5,,,,,,,,,,,,,,,,,,,5,,,,,,,,,2,3,,,
698,205125,Basrah,Fao,Hoz hussain ali, ??????? ,30.116667,48.375,IQ-G02,IQ-D011,IQ-P01112,1,6,1,,,,,,,,,,,,,,,,,,,,1,,,,,,,,,1,,,
23517,205937,Basrah,Shatt Al-Arab,Al Hota,?????? ,30.6352,47.7739,IQ-G02,IQ-D014,IQ-P01466,11,66,8,,,,,,,,,,,,3,,,,,,,2,1,,6,,,,2,,1,,4,6,
21640,205864,Basrah,Shatt Al-Arab,AL Jazira 3 ,?????? /?? ????? /??????? 3,30.58833333,47.79388889,IQ-G02,IQ-D014,IQ-P01468,2,12,,,,,,1,,,,,,,1,,,,,,,2,,,,,,,,,,1,1,,
21829,205873,Basrah,Shatt Al-Arab,Al Nashwa - Center,?????? / ???? ??????,30.818035,47.602619,IQ-G02,IQ-D014,IQ-P01475,2,12,2,,,,,,,,,,,,,,,,,,,,2,,,,,,,,,,,2,
25020,206026,Basrah,Shatt Al-Arab,Al Nashwa-Al Hawafdh,?????? / ???????,30.8444,47.5647,IQ-G02,IQ-D014,,2,12,,,,,,,,,,,,,2,,,,,,,,2,,,,,,,,,,2,,
25021,206027,Basrah,Shatt Al-Arab,Al Nashwa-Mayah Aldhawaen,?????? / ???? ???????,30.89651,47.5251,IQ-G02,IQ-D014,,11,66,,,,,,,,,,,,,11,,,,,,,4,2,,5,,,,,,,9,2,,
23261,205933,Basrah,Shatt Al-Arab,Al Sahel village,?? ????? ??????? / ??????,30.51,47.85,IQ-G02,IQ-D014,IQ-P01477,11,66,,,11,,,,,,,,,,,,,,,,,,,,,,11,,,,,11,,,
947,205377,Basrah,Shatt Al-Arab,Al-andalus,?????? / ??????? ,30.532222,47.859167,IQ-G02,IQ-D014,IQ-P01483,3,18,,,,,,,,,,,,,3,,,,,,,,3,,,,,,,,,3,,,
1013,205446,Basrah,Shatt Al-Arab,Al-Kibasi Kabeer,?????? /?? ????? /??????? ?????? ,30.5848,47.8132,IQ-G02,IQ-D014,IQ-P01498,5,30,,,,,,,,,1,,,,1,,3,,,,,3,2,,,,,,,,,5,,,
1000,205433,Basrah,Shatt Al-Arab,Al-Kibasi Saghir,?????? /?? ????? /??????? ??????,30.5945,47.8031,IQ-G02,IQ-D014,IQ-P01499,1,6,,,,,,,,,,,,,1,,,,,,,,1,,,,,,,,,1,,,
925,205354,Basrah,Shatt Al-Arab,Bait zair,?? ????? / ??? ????,30.520556,47.857778,IQ-G02,IQ-D014,IQ-P01511,1,6,1,,,,,,,,,,,,,,,,,,,,1,,,,,,,,,1,,,
936,205366,Basrah,Shatt Al-Arab,Geridlan,?? ????? ??????? / ??????,30.5318,47.8451,IQ-G02,IQ-D014,IQ-P01518,2,12,,,,,,,,,,,,,,,2,,,,,1,1,,,,,,,,,,2,,
24774,206004,Basrah,Shatt Al-Arab,Hay Al Jawadin,?? ????? ??????? / ?? ????????,30.5433,47.8656,IQ-G02,IQ-D014,,3,18,,,,,,,,,3,,,,,,,,,,,3,,,,,,,,,,,3,,
960,205391,Basrah,Shatt Al-Arab,Hay al-jami_a,?????? / ?? ????? / ?? ??????? ,30.54,47.865278,IQ-G02,IQ-D014,IQ-P01526,19,114,7,,,,,,,,1,,,,8,,3,,,,,8,11,,,,,,,,,12,2,5,
25724,206054,Basrah,Shatt Al-Arab,Markaz Shat Al-Arab - Al Jazira 1,?????? /?? ????? /??????? 1,30.5942,47.8032,IQ-G02,IQ-D014,,1,6,,,,,,,,,,,,,1,,,,,,,1,,,,,,,,,,,1,,
25723,206053,Basrah,Shatt Al-Arab,Markaz Shat Al-Arab - Al Jazira 4,?????? /?? ????? /??????? 4,30.5969,47.7905,IQ-G02,IQ-D014,,3,18,,,,,,2,,,,,,,,,1,,,,,3,,,,,,,,,,2,,1,
24232,205965,Basrah,Shatt Al-Arab,Shat Al Arab St 13,?????? / ?? ????? / ???? 13,30.5286,47.8536,IQ-G02,IQ-D014,IQ-P01549,1,6,,,,,,,,,1,,,,,,,,,,,,1,,,,,,,,,1,,,
24531,205988,Basrah,Shatt Al-Arab,Shatt Al-Arab / Tanoma/36 St,?? ????? ??????? / ???? 36,30.53157,47.85265,IQ-G02,IQ-D014,,1,6,,,,,,,,,1,,,,,,,,,,,1,,,,,,,,,,1,,,
25460,206042,Basrah,Shatt Al-Arab,Shatt Al-Arab / Tanoma/39,??????? ???? 39,30.5288,47.8505,IQ-G02,IQ-D014,,1,6,,,,,,,,,,,,,,,1,,,,,1,,,,,,,,,,1,,,
25461,206043,Basrah,Shatt Al-Arab,Shatt Al-Arab -Tanoma - 17 St,??????? ???? 17,30.5311,47.8563,IQ-G02,IQ-D014,,1,6,,,,,,1,,,,,,,,,,,,,,1,,,,,,,,,,,1,,
24775,206005,Basrah,Shatt Al-Arab,Street 40,?? ????? ??????? / ???? 40,30.5281,47.8498,IQ-G02,IQ-D014,,1,6,,,,,,,,,,,,,,,1,,,,,,1,,,,,,,,,,1,,
